customer_id|first_name|last_name|email|address|city|state|postal_code|phone_number
1|Chris|Williams|ibrown@example.net|6739 Kimberly Highway,Alexandermouth, AZ 05663|East Tracyport|Wisconsin|86965|215-543-8544x65462
2|Luis|Thomas|whiteelizabeth@example.org|982 Ethan Drive,Davidburgh, CT 26039|Buckleyberg|Minnesota|30392|001-608-302-0685
3|Caroline|Farrell|mprice@example.net|279 Schultz Island,Kristybury, KY 17393|South Heidi|New York|54528|+1-399-630-4048x538
4|Omar|Kelly|wallacescott@example.com|50826 Patel Highway Apt. 794,Simmonstown, GA 48296|New Matthew|California|86470|844-618-6519
5|Amy|Luna|bonillafrank@example.com|9061 Williams Lane Apt. 584,Santosfort, CA 87958|Riverastad|Missouri|00735|+1-284-430-8886x38709
6|Maria|Ramos|ryan32@example.com|188 Thomas Shoal Apt. 052,South Theresa, PR 99287|Brittneyborough|Oklahoma|75034|(284)276-8032x887
7|Crystal|White|beardnatasha@example.com|7651 Avila Turnpike Suite 069,Patrickbury, HI 75737|Leviport|Virginia|85426|664.988.7207x80082
8|Melinda|Simmons|jacobtaylor@example.org|0351 Hughes Tunnel,East Jamesstad, GA 49489|East Brent|Nebraska|98347|258.333.9334x900
9|Lori|Christian|tsullivan@example.org|742 Vernon Harbors,North Gina, VT 31045|Martinezmouth|Virginia|97284|(730)591-5166
10|Jessica|Stewart|lauren22@example.org|121 Kristi Divide Apt. 245,Jamesville, AZ 59889|Lake Patrick|Tennessee|45405|863.330.1340x72548
11|Brenda|Ochoa|eric70@example.com|0228 Thomas Burgs,Armstrongburgh, VA 81519|South Heatherville|Arizona|83639|241-387-8475x51795
12|Sophia|Bell|traciburnett@example.net|2252 Morris Courts Apt. 274,Jeffreymouth, MP 09389|Burkefort|South Carolina|83930|001-908-657-2325x2949
13|James|Randall|judy99@example.com|9207 Ann Street Apt. 887,Sarahside, NC 78081|New Ricky|Utah|82419|682.821.4373x40401
14|Todd|Escobar|zjackson@example.net|19995 Ashley Orchard Apt. 511,East Jeffrey, VA 03854|Hunterhaven|Mississippi|56830|394-914-5173
15|David|Lopez|robert26@example.net|2802 Jessica Ports Suite 111,Lake Joseph, WI 69338|Jonathanhaven|South Carolina|12288|+1-570-805-1315x65861
16|Laura|Jacobs|danielnelson@example.net|PSC 5430, Box 1119,APO AP 26369|Rebeccastad|Maine|17679|421.849.8849x4079
17|Charles|Johnson|markmiller@example.org|160 Amy Mount Apt. 273,Lake Sandra, NM 46227|West Brandi|Michigan|34172|990-312-6205
18|Jeremy|Walsh|odonnellsarah@example.org|704 Garza Haven Apt. 807,East Reneeside, NE 18888|New Theresaland|Florida|10503|(574)391-6712x351
19|Jacqueline|Murray|robertsroger@example.net|Unit 3272 Box 5682,DPO AP 10159|West Kara|California|46205|829.570.0217x14979
20|Felicia|Wright|tyler16@example.org|620 Ian Camp,Lake Cynthia, MS 10025|East Ericview|New Hampshire|16099|953.923.0928x9047
21|James|Phelps|edecker@example.net|97510 Amber Oval Suite 981,Jonathanview, AK 45682|Theresaton|Washington|08804|+1-808-973-8516
22|Veronica|White|jessica74@example.org|USNV Olsen,FPO AA 45218|Marshton|Mississippi|49844|292.628.0064
23|Thomas|Vega|heather12@example.org|77185 Blanchard Flats,Shawnmouth, SD 33422|Kevinville|Maine|94638|736-479-2692x08415
24|Laura|Luna|rfernandez@example.net|USS Moore,FPO AA 81249|New Jacobmouth|North Carolina|00909|001-242-929-9062x612
25|Abigail|Figueroa|aprilmurray@example.org|0771 Johnny Meadow Suite 542,Timothyport, MP 97730|Port Jeremiah|Massachusetts|28855|577-898-0903
26|Donald|Hardin|adamsamy@example.com|76021 Berry Springs Suite 774,New Brianfurt, VI 21907|Taylorborough|Texas|69303|(581)757-5274
27|Carlos|Gay|ebrowning@example.net|60309 Schmidt Squares,West Sharon, AK 68143|New Mike|Texas|70891|728-615-1989x8826
28|Michael|Nichols|jared71@example.com|USS West,FPO AE 84984|West Julie|Pennsylvania|04134|728-743-8950
29|Lori|Davis|douglasjeffrey@example.com|3317 Moody Gateway Apt. 067,Pamelatown, NM 84940|North Molly|Wisconsin|18991|(603)262-1777
30|David|Erickson|christiebrown@example.org|84242 Jo Ridges Suite 706,Griffinborough, PR 52451|Valerieton|Delaware|05776|450.846.0377
31|Natalie|Harvey|mary60@example.org|333 Parker Springs Suite 951,Port Feliciaville, IL 95968|Brendatown|Arkansas|01499|886.800.3219x06249
32|Richard|Jennings|jasonswanson@example.net|Unit 8280 Box 9097,DPO AP 86835|Tatefort|Minnesota|01309|001-696-773-9900x94561
33|Zachary|Martinez|keithcarmen@example.com|USNS Elliott,FPO AA 60788|Johnsonfort|North Carolina|92780|905-599-1905x342
34|Brittney|Coleman|scole@example.com|189 Claudia Locks,Timothyberg, SD 02155|Thomasbury|Alabama|22091|733.983.5971
35|Danielle|Scott|smithscott@example.org|09372 Nelson Groves,East Robert, CO 93140|Stephensonstad|Wyoming|14424|440.639.0803x490
36|Debra|Flores|molly43@example.com|225 Meyer Flats,South Kimberlyport, LA 96130|Josephland|Georgia|10317|+1-363-266-2340x391
37|John|Bennett|jacksonsean@example.net|206 Jenna Drives,East Robert, NH 68574|Christopherport|Louisiana|98558|(797)517-1623x6603
38|Lucas|Garcia|georgefitzpatrick@example.com|37941 Arnold Fork Apt. 130,Port Alex, WA 80640|New Angel|Oklahoma|55624|(896)419-1762x0251
39|Amy|Taylor|pburgess@example.org|7567 Alexandra Knolls,East Jason, UT 72707|West Adamfort|West Virginia|07871|565.947.0671x07119
40|Darren|Parks|oconnorcathy@example.org|4642 Crystal Spurs,Shanefort, SD 02020|East Jonathanchester|Kentucky|68386|+1-819-254-7539x954
41|Michael|Gutierrez|williegonzalez@example.com|496 Johnston Field Suite 876,Dianeville, MO 75655|Port Kelly|New Jersey|50499|715-732-2867x4510
42|Matthew|Murphy|mcculloughmelinda@example.net|56699 Victoria Port Apt. 153,Lake Cynthia, MH 82448|Marshstad|Wyoming|01695|001-747-373-4098x679
43|David|Henson|stephenbell@example.org|9922 Cheryl Walk Apt. 019,Pollardside, MD 52722|South Ryan|Alaska|46667|616.758.5006x253
44|Nancy|Burgess|brian88@example.com|211 Williams Cliffs,East Anaville, KY 08519|East Jenniferchester|Oregon|71356|9307041670
45|Michelle|Patrick|hharper@example.net|83496 Salas Spur,Evanshire, MH 82683|Lake Rebecca|Arkansas|97359|4183762762
46|Bruce|Crawford|jessicajones@example.org|669 Barbara Tunnel Apt. 494,Catherineside, WA 72257|New Laura|South Dakota|38297|+1-778-914-7711x194
47|Anna|Ortiz|hernandezalexis@example.com|67967 Earl Land,Saratown, RI 53430|Porterstad|Wyoming|45523|(780)924-6307x4200
48|Thomas|Page|hortonrobert@example.net|18596 Foley Pines Suite 897,West Mark, PA 25847|North Michael|Colorado|90251|001-565-603-2468x914
49|Ashley|Campos|wmiller@example.com|71641 Orr Wells Suite 818,Stephaniechester, MS 52039|Lake Tinafort|Colorado|73767|+1-690-205-8110
50|Andrea|Maldonado|zvillarreal@example.net|2665 Hunter Groves Suite 992,West Joshuaborough, FM 01732|Lake Danielhaven|Tennessee|31839|(325)517-6231x06120
51|Jack|Rivera|parkerkaren@example.net|01857 Garcia Dam Suite 398,Barberfurt, DE 74510|Pughbury|Arkansas|96114|931.917.9465x20309
52|Maria|King|pkirk@example.org|34822 Jasmin Rapids Suite 843,Port Andrewfurt, ME 72140|Jonesside|Idaho|81736|896.911.4192x6167
53|Lori|Hess|deckerteresa@example.net|PSC 0615, Box 6669,APO AA 45450|Fisherchester|California|46479|364-213-6226x5866
54|Amy|Glover|joshua59@example.com|27533 Griffin Gardens,Port Alan, MN 18623|Novakland|Hawaii|64944|+1-455-434-1573
55|Amanda|Baker|james60@example.net|USNV Miller,FPO AE 42669|Lake Erichaven|Maine|63335|(900)991-2446x290
56|Nicholas|Lee|ericfrederick@example.com|780 Cline Lakes Apt. 405,North Meganmouth, AK 67832|New Jacqueline|North Dakota|80568|305-728-9790x10616
57|Christina|Mckenzie|michaelcooper@example.org|18615 Russo Mall,South Michelle, SC 92378|Courtneyburgh|South Dakota|48593|+1-210-568-1244x0265
58|Matthew|Robinson|brittany64@example.org|533 Victoria Fork Suite 550,Michaelmouth, NC 77502|Lake Cathyport|Indiana|26765|872-747-4864
59|Ronald|Mills|andrewsoto@example.org|423 Morgan Corner,North Shawn, VI 35162|North Deannamouth|Missouri|17074|875.809.8008x6928
60|Sabrina|Mills|kimberly92@example.net|0927 Decker Canyon Suite 045,East Samantha, ME 86766|Sharpborough|Hawaii|19634|544-289-5973x6453
61|Donna|Hoover|kowens@example.net|998 Vang Row,Landryview, CA 34040|East Amanda|Tennessee|66093|+1-726-440-0634x576
62|Ricky|Bennett|matthewsmichael@example.org|0003 Smith Lights Suite 826,West Jason, TX 75289|Morrowfurt|Louisiana|91136|001-595-790-3054x93722
63|Edward|Roberts|uking@example.org|007 Walker Drive Suite 471,Ruthchester, VT 91944|Lake Michaelland|Nebraska|28154|+1-844-480-8799
64|Cynthia|Johnson|staceysmith@example.org|577 Sara Brook,Romeroport, DE 63637|Baileychester|New Hampshire|42686|379-707-2973
65|Robert|Long|wmorales@example.net|713 Nichols Circles Apt. 079,Burchside, PA 35513|Evanschester|Michigan|10360|001-975-673-6357x26196
66|Brandon|Hudson|marygarcia@example.org|13490 Alexis Squares Suite 853,Bryantfort, FM 90943|Samanthafort|Nebraska|65520|(740)939-1032
67|Alyssa|Johnson|chernandez@example.org|0108 Monica Brooks,West Tylermouth, KY 50976|Joelmouth|North Carolina|92641|705-880-6060
68|Lisa|Herring|vmueller@example.net|912 Katherine Vista Apt. 676,Matthewmouth, WI 32242|Lake Becky|Oregon|16923|866-790-4703
69|Raymond|Wood|walkerlaura@example.net|89234 Melvin Island Apt. 214,North Timothy, NE 84046|Lake Lindsay|West Virginia|49402|001-886-982-8150x7683
70|James|Soto|kari87@example.com|1301 Wheeler Bypass,North Christopherland, DC 69350|Merrittview|West Virginia|83312|+1-503-966-5439x96858
71|Corey|Hudson|melindamccall@example.net|55835 Jennifer Haven,East Nicolemouth, WI 92581|Melindaberg|Wisconsin|78964|833.332.0551
72|Alex|Huang|hriley@example.com|051 Brianna Tunnel Apt. 491,Austinmouth, AL 28844|Ericberg|West Virginia|32091|329.408.8777x6656
73|Kimberly|Jackson|yheath@example.org|812 Hughes Isle,Hollytown, ME 29455|Thompsontown|Georgia|75451|646.362.2724x2069
74|Samuel|Mahoney|douglas85@example.org|32094 Amber Spur,Lake Susantown, AZ 86111|Boothton|Minnesota|86455|(930)235-1609x582
75|Stephanie|Long|tamara06@example.net|979 Hartman Street,Gregoryton, VA 32968|Bergshire|Virginia|55473|+1-409-683-1264x024
76|Dalton|Rojas|gina68@example.com|041 Jack Spur,Dennisshire, VT 24990|Danielshire|Oregon|87321|001-589-662-6225x257
77|Michael|Gomez|dcooper@example.com|38489 Warren Mission,South Erik, NV 74836|Port Aprilberg|Texas|01424|650-503-6812
78|Matthew|Richardson|morrisandrew@example.net|428 Andrew Vista Apt. 076,Garciastad, ND 87240|North Staceytown|Wisconsin|37427|406.946.3917x7154
79|Cassandra|Wilkins|samuel32@example.org|7005 Lopez Skyway Apt. 691,Thomaston, DC 15119|Garciastad|Illinois|85314|3662659296
80|Ashley|Willis|xfarmer@example.com|578 Cheyenne Divide,West Curtisberg, PR 80803|Port Evelyn|Vermont|83005|+1-831-941-6491x2020
81|Robert|Shea|josephpennington@example.org|88671 Kathy River Suite 205,West Melissa, MN 44720|Harrismouth|Minnesota|98296|282-276-8353x979
82|Krista|Edwards|ernestsantos@example.net|Unit 2349 Box 2670,DPO AP 58318|East Gary|Vermont|73519|+1-294-449-2116x902
83|Brian|Davis|ewhite@example.com|08307 Anderson Hills Apt. 818,Taylorfort, MN 22246|Ronaldfort|Maryland|94654|001-657-321-2317x12294
84|Vincent|Bender|patricia02@example.net|1751 Davis Wells Suite 738,North James, WI 17251|Hughesburgh|Missouri|27665|460-590-8181x68998
85|Bernard|Serrano|deanna08@example.net|21341 Rice Spurs,Karentown, WI 03292|Jeremiahshire|Wisconsin|88649|001-776-457-5901
86|Matthew|Watson|wilkersonshelly@example.org|39229 Wang Courts,New Cindy, SD 45558|Carrollborough|Alabama|64018|+1-827-233-3848x910
87|David|Ho|gallowaybeth@example.net|250 Christian Spring Suite 030,Jonathanmouth, GU 67480|South Matthew|Louisiana|70665|(556)767-5536x4116
88|Lisa|Blake|jonesholly@example.net|48857 Tiffany Parkway Suite 810,Port Joshuaport, NV 79206|Makaylabury|Illinois|49217|+1-620-247-5144x0130
89|Susan|Jefferson|qmendez@example.net|USS Ballard,FPO AA 27531|Port Mark|Utah|10988|5979356553
90|Alyssa|Baker|melissaramirez@example.org|6144 Landry Rue Apt. 668,New Davidshire, WI 42501|Port Patrick|South Dakota|71943|+1-724-835-2657x9957
91|Matthew|Ford|audrey04@example.net|051 Hernandez Dam Suite 146,East Joybury, OH 85773|Juanville|New Mexico|52403|323-865-9255
92|James|Brooks|ruizjohn@example.com|3175 Marie Radial Suite 585,East Makayla, GA 98235|Annettestad|South Carolina|68388|001-511-857-9084x72931
93|Rick|Gonzalez|kathryn09@example.org|41340 Evelyn Divide,Dawnhaven, SC 77576|West Eugene|Indiana|34872|608.940.3314x58449
94|Dillon|Ford|hnichols@example.net|1894 Lauren Lake,Edwardstown, IA 45778|Port Yeseniashire|Hawaii|27656|982-348-7943x18344
95|Christopher|Hernandez|michaelpeterson@example.net|783 Beverly Knoll,Briantown, MI 99788|East Kenneth|Nebraska|61790|+1-711-436-2545
96|Joanne|Cisneros|montgomerydevin@example.net|17013 Martinez Mission Apt. 800,Rojasview, PW 40177|Johnton|Delaware|83729|399.517.5122
97|Albert|Marshall|lbanks@example.org|0089 Mullins Prairie Suite 543,Port Brittney, DE 21557|Barrychester|Michigan|62118|(550)834-9244
98|Joanne|Jones|oconnellelizabeth@example.com|579 Nicole Mountain,Jacksonborough, MI 41974|Gravesview|New Jersey|81712|614.722.5568x656
99|Jamie|Gonzales|pgonzalez@example.org|PSC 5728, Box 9134,APO AE 11927|South Paul|Wisconsin|85829|001-484-244-0443x662
100|Tiffany|Morris|dean79@example.com|2753 Matthew Valleys,Christopherhaven, KS 80204|Millerville|Kansas|03496|+1-666-988-0297x2022
